{"cameraMode":{"drawMode":0,"name":"Shaded","section":"Shading Mode"},"sceneLighting":true,"audioPlay":false,"sceneViewState":{"m_AlwaysRefresh":false,"showFog":true,"showSkybox":true,"showFlares":true,"showImageEffects":true,"showParticleSystems":true,"showVisualEffectGraphs":true,"m_FxEnabled":true},"in2DMode":false,"pivot":{"x":0.8627043962478638,"y":-0.4244600236415863,"z":-5.822554588317871},"rotation":{"x":0.12971998751163484,"y":0.04549957439303398,"z":-0.0062069036066532139,"w":0.9906920790672302},"size":5.518490314483643,"orthographic":false}