{"cameraMode":{"drawMode":0,"name":"Shaded","section":"Shading Mode"},"sceneLighting":true,"audioPlay":false,"sceneViewState":{"m_AlwaysRefresh":false,"showFog":true,"showSkybox":true,"showFlares":true,"showImageEffects":true,"showParticleSystems":true,"showVisualEffectGraphs":true,"m_FxEnabled":true},"in2DMode":false,"pivot":{"x":-0.21071183681488038,"y":0.9249322414398193,"z":-0.44689178466796877},"rotation":{"x":0.13936977088451386,"y":0.01097914483398199,"z":-0.0018379322718828917,"w":0.9903743863105774},"size":6.352455139160156,"orthographic":false}